Livres,Recettes,Ingrédients,Types,Pages,Livres
Mes recettes healthy T1,Bowl gourmand Paléo,flocons d'avoines,Petit Déjeuner,38,Mes recettes healthy T1
Mes recettes healthy T1,Bowl gourmand Paléo,lait d'amande,Petit Déjeuner,38,Mes recettes healthy T1
Mes recettes healthy T1,Bowl gourmand Paléo,extrait de vanille,Petit Déjeuner,38,Mes recettes healthy T1
Mes recettes healthy T1,Bowl gourmand Paléo,whey ,Petit Déjeuner,38,Mes recettes healthy T1
Mes recettes healthy T1,Bowl gourmand Paléo,banane,Petit Déjeuner,38,Mes recettes healthy T1
Mes recettes healthy T1,Bowl gourmand Paléo,myrtilles,Petit Déjeuner,38,Mes recettes healthy T1
Mes recettes healthy T1,Bowl gourmand Paléo,chocolat noir,Petit Déjeuner,38,Mes recettes healthy T1
Mes recettes healthy T1,Bowl gourmand Paléo,coco râpée,Petit Déjeuner,38,Mes recettes healthy T1
Mes recettes healthy T1,Morning Champion,huile de coco,Petit Déjeuner,40,Mes recettes healthy T1
Mes recettes healthy T1,Morning Champion,oeufs,Petit Déjeuner,40,Mes recettes healthy T1
Mes recettes healthy T1,Morning Champion,blanc d'oeuf,Petit Déjeuner,40,Mes recettes healthy T1
Mes recettes healthy T1,Morning Champion,clémentine,Petit Déjeuner,40,Mes recettes healthy T1
Mes recettes healthy T1,Morning Champion,kiwi,Petit Déjeuner,40,Mes recettes healthy T1
Mes recettes healthy T1,Morning Champion,abricot,Petit Déjeuner,40,Mes recettes healthy T1
Mes recettes healthy T1,Morning Champion,fraise,Petit Déjeuner,40,Mes recettes healthy T1
Mes recettes healthy T1,Morning Champion,banane,Petit Déjeuner,40,Mes recettes healthy T1
Mes recettes healthy T1,Morning Champion,pomme,Petit Déjeuner,40,Mes recettes healthy T1
Mes recettes healthy T1,Morning Champion,miel,Petit Déjeuner,40,Mes recettes healthy T1
Mes recettes healthy T1,Morning Champion,pains,Petit Déjeuner,40,Mes recettes healthy T1
Mes recettes healthy T1,Morning Champion,jambon,Petit Déjeuner,40,Mes recettes healthy T1
Mes recettes healthy T1,Bowlcake chocolat diététique,flocons d'avoine,Petit Déjeuner,42,Mes recettes healthy T1
Mes recettes healthy T1,Bowlcake chocolat diététique,oeuf,Petit Déjeuner,42,Mes recettes healthy T1
Mes recettes healthy T1,Bowlcake chocolat diététique,farine,Petit Déjeuner,42,Mes recettes healthy T1
Mes recettes healthy T1,Bowlcake chocolat diététique,whey,Petit Déjeuner,42,Mes recettes healthy T1
Mes recettes healthy T1,Bowlcake chocolat diététique,fromage blanc,Petit Déjeuner,42,Mes recettes healthy T1
Mes recettes healthy T1,Bowlcake chocolat diététique,miel,Petit Déjeuner,42,Mes recettes healthy T1
Mes recettes healthy T1,Bowlcake chocolat diététique,cacao,Petit Déjeuner,42,Mes recettes healthy T1
Mes recettes healthy T1,Bowlcake chocolat diététique,sel,Petit Déjeuner,42,Mes recettes healthy T1
Mes recettes healthy T1,Bowlcake chocolat diététique,fruits rouges,Petit Déjeuner,42,Mes recettes healthy T1
Mes recettes healthy T1,Bowlcake chocolat diététique,chocolat noir,Petit Déjeuner,42,Mes recettes healthy T1
Mes recettes healthy T1,Pudding de Chia,granola / muesli,Petit Déjeuner,44,Mes recettes healthy T1
Mes recettes healthy T1,Pudding de Chia,flocons d'avoine,Petit Déjeuner,44,Mes recettes healthy T1
Mes recettes healthy T1,Pudding de Chia,noix,Petit Déjeuner,44,Mes recettes healthy T1
Mes recettes healthy T1,Pudding de Chia,noisettes,Petit Déjeuner,44,Mes recettes healthy T1
Mes recettes healthy T1,Pudding de Chia,amandes,Petit Déjeuner,44,Mes recettes healthy T1
Mes recettes healthy T1,Pudding de Chia,chocolat noir,Petit Déjeuner,44,Mes recettes healthy T1
Mes recettes healthy T1,Pudding de Chia,coco râpée,Petit Déjeuner,44,Mes recettes healthy T1
Mes recettes healthy T1,Pudding de Chia,huile de coco,Petit Déjeuner,44,Mes recettes healthy T1
Mes recettes healthy T1,Pudding de Chia,miel,Petit Déjeuner,44,Mes recettes healthy T1
Mes recettes healthy T1,Pudding de Chia,cannelle,Petit Déjeuner,44,Mes recettes healthy T1
Mes recettes healthy T1,Pudding de Chia,graines de chia,Petit Déjeuner,44,Mes recettes healthy T1
Mes recettes healthy T1,Pudding de Chia,lait d'amande,Petit Déjeuner,44,Mes recettes healthy T1
Mes recettes healthy T1,Pudding de Chia,extrait de vanille,Petit Déjeuner,44,Mes recettes healthy T1
Mes recettes healthy T1,Le parfait oeuf bacon aux épinards,huile de coco,Petit Déjeuner,46,Mes recettes healthy T1
Mes recettes healthy T1,Le parfait oeuf bacon aux épinards,oeufs,Petit Déjeuner,46,Mes recettes healthy T1
Mes recettes healthy T1,Le parfait oeuf bacon aux épinards,épinards ,Petit Déjeuner,46,Mes recettes healthy T1
Mes recettes healthy T1,Le parfait oeuf bacon aux épinards,bacon,Petit Déjeuner,46,Mes recettes healthy T1
Mes recettes healthy T1,Le parfait oeuf bacon aux épinards,fromage blanc,Petit Déjeuner,46,Mes recettes healthy T1
Mes recettes healthy T1,Le parfait oeuf bacon aux épinards,clémentine,Petit Déjeuner,46,Mes recettes healthy T1
Mes recettes healthy T1,Le parfait oeuf bacon aux épinards,compote de pomme,Petit Déjeuner,46,Mes recettes healthy T1
Mes recettes healthy T1,omelette jambon champignons,huile de coco,Petit Déjeuner,47,Mes recettes healthy T1
Mes recettes healthy T1,omelette jambon champignons,jambon,Petit Déjeuner,47,Mes recettes healthy T1
Mes recettes healthy T1,omelette jambon champignons,champignons de Paris,Petit Déjeuner,47,Mes recettes healthy T1
Mes recettes healthy T1,omelette jambon champignons,oignon,Petit Déjeuner,47,Mes recettes healthy T1
Mes recettes healthy T1,omelette jambon champignons,oeufs,Petit Déjeuner,47,Mes recettes healthy T1
Mes recettes healthy T1,omelette jambon champignons,blanc d'oeuf,Petit Déjeuner,47,Mes recettes healthy T1
Mes recettes healthy T1,omelette jambon champignons,lait d'amande,Petit Déjeuner,47,Mes recettes healthy T1
Mes recettes healthy T1,omelette jambon champignons,tomates cerises,Petit Déjeuner,47,Mes recettes healthy T1
Mes recettes healthy T1,omelette jambon champignons,origan,Petit Déjeuner,47,Mes recettes healthy T1
Mes recettes healthy T1,omelette jambon champignons,persil,Petit Déjeuner,47,Mes recettes healthy T1
Mes recettes healthy T1,omelette jambon champignons,sel,Petit Déjeuner,47,Mes recettes healthy T1
Mes recettes healthy T1,omelette jambon champignons,poivre,Petit Déjeuner,47,Mes recettes healthy T1
Mes recettes healthy T1,omelette paléo,huile de coco,Petit Déjeuner,48,Mes recettes healthy T1
Mes recettes healthy T1,omelette paléo,oeufs,Petit Déjeuner,48,Mes recettes healthy T1
Mes recettes healthy T1,omelette paléo,blanc d'oeuf,Petit Déjeuner,48,Mes recettes healthy T1
Mes recettes healthy T1,omelette paléo,banane,Petit Déjeuner,48,Mes recettes healthy T1
Mes recettes healthy T1,omelette paléo,miel,Petit Déjeuner,48,Mes recettes healthy T1
Mes recettes healthy T1,omelette paléo,amande,Petit Déjeuner,48,Mes recettes healthy T1
Mes recettes healthy T1,omelette paléo,chocolat noir,Petit Déjeuner,48,Mes recettes healthy T1
Mes recettes healthy T1,omelette paléo,coco râpée,Petit Déjeuner,48,Mes recettes healthy T1
Mes recettes healthy T1,avocado toast,vinaigre,Petit Déjeuner,50,Mes recettes healthy T1
Mes recettes healthy T1,avocado toast,oeufs,Petit Déjeuner,50,Mes recettes healthy T1
Mes recettes healthy T1,avocado toast,pain complet,Petit Déjeuner,50,Mes recettes healthy T1
Mes recettes healthy T1,avocado toast,avocat,Petit Déjeuner,50,Mes recettes healthy T1
Mes recettes healthy T1,avocado toast,blanc de poulet,Petit Déjeuner,50,Mes recettes healthy T1
Mes recettes healthy T1,avocado toast,estragon,Petit Déjeuner,50,Mes recettes healthy T1
Mes recettes healthy T1,avocado toast,origan,Petit Déjeuner,50,Mes recettes healthy T1
Mes recettes healthy T1,pancakes sucrés à la patate douce,patate douce,Petit Déjeuner,52,Mes recettes healthy T1
Mes recettes healthy T1,pancakes sucrés à la patate douce,oeufs,Petit Déjeuner,52,Mes recettes healthy T1
Mes recettes healthy T1,pancakes sucrés à la patate douce,blanc d'oeuf,Petit Déjeuner,52,Mes recettes healthy T1
Mes recettes healthy T1,pancakes sucrés à la patate douce,farine sans gluten,Petit Déjeuner,52,Mes recettes healthy T1
Mes recettes healthy T1,pancakes sucrés à la patate douce,cannelle,Petit Déjeuner,52,Mes recettes healthy T1
Mes recettes healthy T1,pancakes sucrés à la patate douce,extrait de vanille,Petit Déjeuner,52,Mes recettes healthy T1
Mes recettes healthy T1,pancakes sucrés à la patate douce,lait d'amande,Petit Déjeuner,52,Mes recettes healthy T1
Mes recettes healthy T1,pancakes sucrés à la patate douce,bicarbonate de sodium,Petit Déjeuner,52,Mes recettes healthy T1
Mes recettes healthy T1,pancakes sucrés à la patate douce,huile de coco,Petit Déjeuner,52,Mes recettes healthy T1
Mes recettes healthy T1,pancakes sucrés à la patate douce,beurre d'amande,Petit Déjeuner,52,Mes recettes healthy T1
Mes recettes healthy T1,pancakes sucrés à la patate douce,beurre de cacahuète,Petit Déjeuner,52,Mes recettes healthy T1
Mes recettes healthy T1,pancakes sucrés à la patate douce,sirop d'érable,Petit Déjeuner,52,Mes recettes healthy T1
Mes recettes healthy T1,pancakes sucrés à la patate douce,noisettes concassées,Petit Déjeuner,52,Mes recettes healthy T1
Mes recettes healthy T1,fat power salé,potatoes,Petit Déjeuner,54,Mes recettes healthy T1
Mes recettes healthy T1,fat power salé,avocat,Petit Déjeuner,54,Mes recettes healthy T1
Mes recettes healthy T1,fat power salé,saumon fumé,Petit Déjeuner,54,Mes recettes healthy T1
Mes recettes healthy T1,fat power salé,salade,Petit Déjeuner,54,Mes recettes healthy T1
Mes recettes healthy T1,fat power salé,fleur de sel,Petit Déjeuner,54,Mes recettes healthy T1
Mes recettes healthy T1,fat power salé,paprika,Petit Déjeuner,54,Mes recettes healthy T1
Mes recettes healthy T1,bagel au saumon fumé,oeufs,Petit Déjeuner,56,Mes recettes healthy T1
Mes recettes healthy T1,bagel au saumon fumé,bagel,Petit Déjeuner,56,Mes recettes healthy T1
Mes recettes healthy T1,bagel au saumon fumé,houmous,Petit Déjeuner,56,Mes recettes healthy T1
Mes recettes healthy T1,bagel au saumon fumé,saumon fumé,Petit Déjeuner,56,Mes recettes healthy T1
Mes recettes healthy T1,bagel au saumon fumé,pousses d'épinard,Petit Déjeuner,56,Mes recettes healthy T1
Mes recettes healthy T1,pancakes express faciles,banane,Petit Déjeuner,58,Mes recettes healthy T1
Mes recettes healthy T1,pancakes express faciles,oeufs,Petit Déjeuner,58,Mes recettes healthy T1
Mes recettes healthy T1,pancakes express faciles,blanc d'oeuf,Petit Déjeuner,58,Mes recettes healthy T1
Mes recettes healthy T1,pancakes express faciles,coco râpée,Petit Déjeuner,58,Mes recettes healthy T1
Mes recettes healthy T1,pancakes express faciles,flocons d'avoine,Petit Déjeuner,58,Mes recettes healthy T1
Mes recettes healthy T1,pancakes express faciles,lait d'amande,Petit Déjeuner,58,Mes recettes healthy T1
Mes recettes healthy T1,pancakes express faciles,bicarbonate de sodium,Petit Déjeuner,58,Mes recettes healthy T1
Mes recettes healthy T1,pancakes express faciles,extrait de vanille,Petit Déjeuner,58,Mes recettes healthy T1
Mes recettes healthy T1,pancakes express faciles,huile de coco,Petit Déjeuner,58,Mes recettes healthy T1
Mes recettes healthy T1,pancakes express faciles,sel,Petit Déjeuner,58,Mes recettes healthy T1
Mes recettes healthy T1,pizza chou-fleur,chou-fleur,Low-Carb,60,Mes recettes healthy T1
Mes recettes healthy T1,pizza chou-fleur,oeufs,Low-Carb,60,Mes recettes healthy T1
Mes recettes healthy T1,pizza chou-fleur,basilic séché,Low-Carb,60,Mes recettes healthy T1
Mes recettes healthy T1,pizza chou-fleur,ail en poudre,Low-Carb,60,Mes recettes healthy T1
Mes recettes healthy T1,pizza chou-fleur,origan,Low-Carb,60,Mes recettes healthy T1
Mes recettes healthy T1,pizza chou-fleur,coulis de tomate,Low-Carb,60,Mes recettes healthy T1
Mes recettes healthy T1,pizza chou-fleur,fromage râpé,Low-Carb,60,Mes recettes healthy T1
Mes recettes healthy T1,pizza chou-fleur,oignon,Low-Carb,60,Mes recettes healthy T1
Mes recettes healthy T1,pizza chou-fleur,poivron,Low-Carb,60,Mes recettes healthy T1
Mes recettes healthy T1,pizza chou-fleur,tomate,Low-Carb,60,Mes recettes healthy T1
Mes recettes healthy T1,pizza chou-fleur,poulet,Low-Carb,60,Mes recettes healthy T1
Mes recettes healthy T1,pizza chou-fleur,jambon,Low-Carb,60,Mes recettes healthy T1
Mes recettes healthy T1,pizza chou-fleur,sel,Low-Carb,60,Mes recettes healthy T1
Mes recettes healthy T1,pizza chou-fleur,poivre,Low-Carb,60,Mes recettes healthy T1
Mes recettes healthy T1,tagliattelles de courgette et crevettes au curry,oignon,Low-Carb,62,Mes recettes healthy T1
Mes recettes healthy T1,tagliattelles de courgette et crevettes au curry,huile de coco,Low-Carb,62,Mes recettes healthy T1
Mes recettes healthy T1,tagliattelles de courgette et crevettes au curry,poivron vert,Low-Carb,62,Mes recettes healthy T1
Mes recettes healthy T1,tagliattelles de courgette et crevettes au curry,poivron rouge,Low-Carb,62,Mes recettes healthy T1
Mes recettes healthy T1,tagliattelles de courgette et crevettes au curry,courgettes,Low-Carb,62,Mes recettes healthy T1
Mes recettes healthy T1,tagliattelles de courgette et crevettes au curry,grousse d'ail,Low-Carb,62,Mes recettes healthy T1
Mes recettes healthy T1,tagliattelles de courgette et crevettes au curry,curry en poudre,Low-Carb,62,Mes recettes healthy T1
Mes recettes healthy T1,tagliattelles de courgette et crevettes au curry,crevettes,Low-Carb,62,Mes recettes healthy T1
Mes recettes healthy T1,tagliattelles de courgette et crevettes au curry,piment,Low-Carb,62,Mes recettes healthy T1
Mes recettes healthy T1,tagliattelles de courgette et crevettes au curry,coriandre,Low-Carb,62,Mes recettes healthy T1
Mes recettes healthy T1,tagliattelles de courgette et crevettes au curry,persil,Low-Carb,62,Mes recettes healthy T1
Mes recettes healthy T1,croustillant de saumon,potimarron,Low-Carb,64,Mes recettes healthy T1
Mes recettes healthy T1,croustillant de saumon,poireau,Low-Carb,64,Mes recettes healthy T1
Mes recettes healthy T1,croustillant de saumon,huile d'olive,Low-Carb,64,Mes recettes healthy T1
Mes recettes healthy T1,croustillant de saumon,paprika,Low-Carb,64,Mes recettes healthy T1
Mes recettes healthy T1,croustillant de saumon,cumin,Low-Carb,64,Mes recettes healthy T1
Mes recettes healthy T1,croustillant de saumon,thym,Low-Carb,64,Mes recettes healthy T1
Mes recettes healthy T1,croustillant de saumon,préparation crémeuse de soja,Low-Carb,64,Mes recettes healthy T1
Mes recettes healthy T1,croustillant de saumon,pâte feuilletée sans gluten,Low-Carb,64,Mes recettes healthy T1
Mes recettes healthy T1,croustillant de saumon,pavé de saumon,Low-Carb,64,Mes recettes healthy T1
Mes recettes healthy T1,croustillant de saumon,jaune d'oeuf,Low-Carb,64,Mes recettes healthy T1
Mes recettes healthy T1,croustillant de saumon,sel,Low-Carb,64,Mes recettes healthy T1
Mes recettes healthy T1,croustillant de saumon,poivre,Low-Carb,64,Mes recettes healthy T1
Mes recettes healthy T1,poke bowl facile,pavé de saumon,Low-Carb,66,Mes recettes healthy T1
Mes recettes healthy T1,poke bowl facile,citron vert,Low-Carb,66,Mes recettes healthy T1
Mes recettes healthy T1,poke bowl facile,tamari,Low-Carb,66,Mes recettes healthy T1
Mes recettes healthy T1,poke bowl facile,graines de chia,Low-Carb,66,Mes recettes healthy T1
Mes recettes healthy T1,poke bowl facile,graines de sésame,Low-Carb,66,Mes recettes healthy T1
Mes recettes healthy T1,poke bowl facile,jeune pousse de salade,Low-Carb,66,Mes recettes healthy T1
Mes recettes healthy T1,poke bowl facile,avocat,Low-Carb,66,Mes recettes healthy T1
Mes recettes healthy T1,poke bowl facile,carotte,Low-Carb,66,Mes recettes healthy T1
Mes recettes healthy T1,poke bowl facile,chou rouge,Low-Carb,66,Mes recettes healthy T1
Mes recettes healthy T1,poke bowl facile,ciboulette,Low-Carb,66,Mes recettes healthy T1
Mes recettes healthy T1,poke bowl facile,huile de sésame,Low-Carb,66,Mes recettes healthy T1
Mes recettes healthy T1,poke bowl facile,huile d'olive,Low-Carb,66,Mes recettes healthy T1
Mes recettes healthy T1,poke bowl facile,vinaigre balsamique,Low-Carb,66,Mes recettes healthy T1
Mes recettes healthy T1,poke bowl facile,citron,Low-Carb,66,Mes recettes healthy T1
Mes recettes healthy T1,poke bowl facile,sauce soja,Low-Carb,66,Mes recettes healthy T1
Mes recettes healthy T1,poke bowl facile,gingembre en poudre,Low-Carb,66,Mes recettes healthy T1
Mes recettes healthy T1,poke bowl facile,sel,Low-Carb,66,Mes recettes healthy T1
Mes recettes healthy T1,poke bowl facile,poivre,Low-Carb,66,Mes recettes healthy T1
Mes recettes healthy T1,nuggets healthy,farine de seigle,Low-Carb,68,Mes recettes healthy T1
Mes recettes healthy T1,nuggets healthy,oignon en poudre,Low-Carb,68,Mes recettes healthy T1
Mes recettes healthy T1,nuggets healthy,ail en poudre,Low-Carb,68,Mes recettes healthy T1
Mes recettes healthy T1,nuggets healthy,stevia,Low-Carb,68,Mes recettes healthy T1
Mes recettes healthy T1,nuggets healthy,blanc d'oeuf,Low-Carb,68,Mes recettes healthy T1
Mes recettes healthy T1,nuggets healthy,moutarde,Low-Carb,68,Mes recettes healthy T1
Mes recettes healthy T1,nuggets healthy,amande effilées,Low-Carb,68,Mes recettes healthy T1
Mes recettes healthy T1,nuggets healthy,amande concassées,Low-Carb,68,Mes recettes healthy T1
Mes recettes healthy T1,nuggets healthy,filet de poulet,Low-Carb,68,Mes recettes healthy T1
Mes recettes healthy T1,nuggets healthy,sel,Low-Carb,68,Mes recettes healthy T1
Mes recettes healthy T1,nuggets healthy,poivre,Low-Carb,68,Mes recettes healthy T1
Mes recettes healthy T1,nuggets healthy,jeunes pousses d'épinard,Low-Carb,68,Mes recettes healthy T1
Mes recettes healthy T1,nuggets healthy,tomate cerise,Low-Carb,68,Mes recettes healthy T1
Mes recettes healthy T1,wrap thon avocat rapide,thon,Low-Carb,70,Mes recettes healthy T1
Mes recettes healthy T1,wrap thon avocat rapide,fromage blanc,Low-Carb,70,Mes recettes healthy T1
Mes recettes healthy T1,wrap thon avocat rapide,graines de chia,Low-Carb,70,Mes recettes healthy T1
Mes recettes healthy T1,wrap thon avocat rapide,basilic,Low-Carb,70,Mes recettes healthy T1
Mes recettes healthy T1,wrap thon avocat rapide,romarin,Low-Carb,70,Mes recettes healthy T1
Mes recettes healthy T1,wrap thon avocat rapide,citron vert,Low-Carb,70,Mes recettes healthy T1
Mes recettes healthy T1,wrap thon avocat rapide,tortilla,Low-Carb,70,Mes recettes healthy T1
Mes recettes healthy T1,wrap thon avocat rapide,avocat,Low-Carb,70,Mes recettes healthy T1
Mes recettes healthy T1,wrap thon avocat rapide,huile d'olive,Low-Carb,70,Mes recettes healthy T1
Mes recettes healthy T1,wrap thon avocat rapide,moutarde,Low-Carb,70,Mes recettes healthy T1
Mes recettes healthy T1,wrap thon avocat rapide,jaune d'oeuf,Low-Carb,70,Mes recettes healthy T1
Mes recettes healthy T1,wrap thon avocat rapide,sauce soja,Low-Carb,70,Mes recettes healthy T1
Mes recettes healthy T1,wrap thon avocat rapide,sel,Low-Carb,70,Mes recettes healthy T1
Mes recettes healthy T1,wrap thon avocat rapide,poivre,Low-Carb,70,Mes recettes healthy T1
Mes recettes healthy T1,pancakes salés paléo,courgettes,Low-Carb,71,Mes recettes healthy T1
Mes recettes healthy T1,pancakes salés paléo,gousse d'ail,Low-Carb,71,Mes recettes healthy T1
Mes recettes healthy T1,pancakes salés paléo,oeufs,Low-Carb,71,Mes recettes healthy T1
Mes recettes healthy T1,pancakes salés paléo,herbes de Provence,Low-Carb,71,Mes recettes healthy T1
Mes recettes healthy T1,pancakes salés paléo,ciboulette,Low-Carb,71,Mes recettes healthy T1
Mes recettes healthy T1,pancakes salés paléo,aneth en poudre,Low-Carb,71,Mes recettes healthy T1
Mes recettes healthy T1,pancakes salés paléo,farine de châtaigne,Low-Carb,71,Mes recettes healthy T1
Mes recettes healthy T1,pancakes salés paléo,sel,Low-Carb,71,Mes recettes healthy T1
Mes recettes healthy T1,pancakes salés paléo,poivre,Low-Carb,71,Mes recettes healthy T1
Mes recettes healthy T1,pancakes salés paléo,huile de coco,Low-Carb,71,Mes recettes healthy T1
Mes recettes healthy T1,pancakes salés paléo,saumon fumé,Low-Carb,71,Mes recettes healthy T1
Mes recettes healthy T1,pancakes salés paléo,tomate,Low-Carb,71,Mes recettes healthy T1
Mes recettes healthy T1,pancakes salés paléo,aneth,Low-Carb,71,Mes recettes healthy T1
Mes recettes healthy T1,escalope milanaise facile,tomates cerises,Low-Carb,72,Mes recettes healthy T1
Mes recettes healthy T1,escalope milanaise facile,coulis de tomate,Low-Carb,72,Mes recettes healthy T1
Mes recettes healthy T1,escalope milanaise facile,basilic,Low-Carb,72,Mes recettes healthy T1
Mes recettes healthy T1,escalope milanaise facile,fleur de sel,Low-Carb,72,Mes recettes healthy T1
Mes recettes healthy T1,escalope milanaise facile,filet de poulet,Low-Carb,72,Mes recettes healthy T1
Mes recettes healthy T1,escalope milanaise facile,flocons d'avoine,Low-Carb,72,Mes recettes healthy T1
Mes recettes healthy T1,escalope milanaise facile,herves de provence,Low-Carb,72,Mes recettes healthy T1
Mes recettes healthy T1,escalope milanaise facile,ail en poudre,Low-Carb,72,Mes recettes healthy T1
Mes recettes healthy T1,escalope milanaise facile,poivre,Low-Carb,72,Mes recettes healthy T1
Mes recettes healthy T1,escalope milanaise facile,fromage râpé de brebis,Low-Carb,72,Mes recettes healthy T1
Mes recettes healthy T1,escalope milanaise facile,farine d'amande ou sans gluten,Low-Carb,72,Mes recettes healthy T1
Mes recettes healthy T1,escalope milanaise facile,oeuf,Low-Carb,72,Mes recettes healthy T1
Mes recettes healthy T1,escalope milanaise facile,huile de coco,Low-Carb,72,Mes recettes healthy T1
Mes recettes healthy T1,fit & fast dinde épicée et galettes de légumes,huile d'olive,Low-Carb,74,Mes recettes healthy T1
Mes recettes healthy T1,fit & fast dinde épicée et galettes de légumes,curcuma en poudre,Low-Carb,74,Mes recettes healthy T1
Mes recettes healthy T1,fit & fast dinde épicée et galettes de légumes,paprika,Low-Carb,74,Mes recettes healthy T1
Mes recettes healthy T1,fit & fast dinde épicée et galettes de légumes,piment en poudre,Low-Carb,74,Mes recettes healthy T1
Mes recettes healthy T1,fit & fast dinde épicée et galettes de légumes,cumin en poudre,Low-Carb,74,Mes recettes healthy T1
Mes recettes healthy T1,fit & fast dinde épicée et galettes de légumes,gingembre en poudre,Low-Carb,74,Mes recettes healthy T1
Mes recettes healthy T1,fit & fast dinde épicée et galettes de légumes,sel,Low-Carb,74,Mes recettes healthy T1
Mes recettes healthy T1,fit & fast dinde épicée et galettes de légumes,poivre,Low-Carb,74,Mes recettes healthy T1
Mes recettes healthy T1,fit & fast dinde épicée et galettes de légumes,blanc de dinde,Low-Carb,74,Mes recettes healthy T1
Mes recettes healthy T1,fit & fast dinde épicée et galettes de légumes,galettes de légumes surgelés,Low-Carb,74,Mes recettes healthy T1
Mes recettes healthy T1,fit & fast dinde épicée et galettes de légumes,graines,Low-Carb,74,Mes recettes healthy T1
Mes recettes healthy T1,"buddah bowl végétarien, sauce au curry ",jeune pousse de salade,Low-Carb,76,Mes recettes healthy T1
Mes recettes healthy T1,"buddah bowl végétarien, sauce au curry ",quinoa,Low-Carb,76,Mes recettes healthy T1
Mes recettes healthy T1,"buddah bowl végétarien, sauce au curry ",avocat,Low-Carb,76,Mes recettes healthy T1
Mes recettes healthy T1,"buddah bowl végétarien, sauce au curry ",carrotes râpées,Low-Carb,76,Mes recettes healthy T1
Mes recettes healthy T1,"buddah bowl végétarien, sauce au curry ",maïs,Low-Carb,76,Mes recettes healthy T1
Mes recettes healthy T1,"buddah bowl végétarien, sauce au curry ",concombre,Low-Carb,76,Mes recettes healthy T1
Mes recettes healthy T1,"buddah bowl végétarien, sauce au curry ",tomates cerises,Low-Carb,76,Mes recettes healthy T1
Mes recettes healthy T1,"buddah bowl végétarien, sauce au curry ",oignon blanc,Low-Carb,76,Mes recettes healthy T1
Mes recettes healthy T1,"buddah bowl végétarien, sauce au curry ",oeufs,Low-Carb,76,Mes recettes healthy T1
Mes recettes healthy T1,"buddah bowl végétarien, sauce au curry ",huile d'olive,Low-Carb,76,Mes recettes healthy T1
Mes recettes healthy T1,"buddah bowl végétarien, sauce au curry ",curry en poudre ,Low-Carb,76,Mes recettes healthy T1
Mes recettes healthy T1,"buddah bowl végétarien, sauce au curry ",gingembre en poudre,Low-Carb,76,Mes recettes healthy T1
Mes recettes healthy T1,"buddah bowl végétarien, sauce au curry ",moutarde,Low-Carb,76,Mes recettes healthy T1
Mes recettes healthy T1,"buddah bowl végétarien, sauce au curry ",vinaigre balsamique,Low-Carb,76,Mes recettes healthy T1
Mes recettes healthy T1,"buddah bowl végétarien, sauce au curry ",jus de citron,Low-Carb,76,Mes recettes healthy T1
Mes recettes healthy T1,burger minceur au quinoa,quinoa,Low-Carb,78,Mes recettes healthy T1
Mes recettes healthy T1,burger minceur au quinoa,graines,Low-Carb,78,Mes recettes healthy T1
Mes recettes healthy T1,burger minceur au quinoa,pain au blé complet ,Low-Carb,78,Mes recettes healthy T1
Mes recettes healthy T1,burger minceur au quinoa,origan,Low-Carb,78,Mes recettes healthy T1
Mes recettes healthy T1,burger minceur au quinoa,ail en poudre,Low-Carb,78,Mes recettes healthy T1
Mes recettes healthy T1,burger minceur au quinoa,curcuma,Low-Carb,78,Mes recettes healthy T1
Mes recettes healthy T1,burger minceur au quinoa,poivre,Low-Carb,78,Mes recettes healthy T1
Mes recettes healthy T1,burger minceur au quinoa,oeuf,Low-Carb,78,Mes recettes healthy T1
Mes recettes healthy T1,burger minceur au quinoa,huile d'olive,Low-Carb,78,Mes recettes healthy T1
Mes recettes healthy T1,burger minceur au quinoa,steak,Low-Carb,78,Mes recettes healthy T1
Mes recettes healthy T1,burger minceur au quinoa,avocat,Low-Carb,78,Mes recettes healthy T1
Mes recettes healthy T1,burger minceur au quinoa,salade,Low-Carb,78,Mes recettes healthy T1
Mes recettes healthy T1,dorade grillée,riz basmati,Low-Carb,79,Mes recettes healthy T1
Mes recettes healthy T1,dorade grillée,huile d'olive,Low-Carb,79,Mes recettes healthy T1
Mes recettes healthy T1,dorade grillée,dorades,Low-Carb,79,Mes recettes healthy T1
Mes recettes healthy T1,dorade grillée,jus de citron,Low-Carb,79,Mes recettes healthy T1
Mes recettes healthy T1,dorade grillée,persil,Low-Carb,79,Mes recettes healthy T1
Mes recettes healthy T1,dorade grillée,sel,Low-Carb,79,Mes recettes healthy T1
Mes recettes healthy T1,dorade grillée,poivre,Low-Carb,79,Mes recettes healthy T1
Mes recettes healthy T1,dorade grillée,légumes,Low-Carb,79,Mes recettes healthy T1
Mes recettes healthy T1,brochette de saumon à la jamaïcaine,pavé de saumon,Low-Carb,80,Mes recettes healthy T1
Mes recettes healthy T1,brochette de saumon à la jamaïcaine,huile d'olive,Low-Carb,80,Mes recettes healthy T1
Mes recettes healthy T1,brochette de saumon à la jamaïcaine,ail en poudre,Low-Carb,80,Mes recettes healthy T1
Mes recettes healthy T1,brochette de saumon à la jamaïcaine,piment en poudre,Low-Carb,80,Mes recettes healthy T1
Mes recettes healthy T1,brochette de saumon à la jamaïcaine,4 épices ,Low-Carb,80,Mes recettes healthy T1
Mes recettes healthy T1,brochette de saumon à la jamaïcaine,paprika ,Low-Carb,80,Mes recettes healthy T1
Mes recettes healthy T1,brochette de saumon à la jamaïcaine,gingembre en poudre,Low-Carb,80,Mes recettes healthy T1
Mes recettes healthy T1,brochette de saumon à la jamaïcaine,coriandre ,Low-Carb,80,Mes recettes healthy T1
Mes recettes healthy T1,brochette de saumon à la jamaïcaine,oignon rouge,Low-Carb,80,Mes recettes healthy T1
Mes recettes healthy T1,brochette de saumon à la jamaïcaine,poivron rouge,Low-Carb,80,Mes recettes healthy T1
Mes recettes healthy T1,brochette de saumon à la jamaïcaine,poivre,Low-Carb,80,Mes recettes healthy T1
Mes recettes healthy T1,butternut grillée,butternut,Low-Carb,82,Mes recettes healthy T1
Mes recettes healthy T1,butternut grillée,huilr d'olive ,Low-Carb,82,Mes recettes healthy T1
Mes recettes healthy T1,butternut grillée,filet de poulet ,Low-Carb,82,Mes recettes healthy T1
Mes recettes healthy T1,butternut grillée,tomates cerises,Low-Carb,82,Mes recettes healthy T1
Mes recettes healthy T1,butternut grillée,oignon rouge,Low-Carb,82,Mes recettes healthy T1
Mes recettes healthy T1,butternut grillée,oeuf,Low-Carb,82,Mes recettes healthy T1
Mes recettes healthy T1,butternut grillée,fromage blanc 3%,Low-Carb,82,Mes recettes healthy T1
Mes recettes healthy T1,butternut grillée,thym,Low-Carb,82,Mes recettes healthy T1
Mes recettes healthy T1,butternut grillée,noix de muscade,Low-Carb,82,Mes recettes healthy T1
Mes recettes healthy T1,butternut grillée,sel ,Low-Carb,82,Mes recettes healthy T1
Mes recettes healthy T1,butternut grillée,poivre,Low-Carb,82,Mes recettes healthy T1
Mes recettes healthy T1,champignons farcis,champignon,Low-Carb,84,Mes recettes healthy T1
Mes recettes healthy T1,champignons farcis,eau citronnée,Low-Carb,84,Mes recettes healthy T1
Mes recettes healthy T1,champignons farcis,huile d'olive,Low-Carb,84,Mes recettes healthy T1
Mes recettes healthy T1,champignons farcis,chapelure,Low-Carb,84,Mes recettes healthy T1
Mes recettes healthy T1,champignons farcis,ciboulette,Low-Carb,84,Mes recettes healthy T1
Mes recettes healthy T1,champignons farcis,salade,Low-Carb,84,Mes recettes healthy T1
Mes recettes healthy T1,champignons farcis,blanc de poulet ,Low-Carb,84,Mes recettes healthy T1
Mes recettes healthy T1,champignons farcis,crème légère,Low-Carb,84,Mes recettes healthy T1
Mes recettes healthy T1,champignons farcis,gousse d'ail,Low-Carb,84,Mes recettes healthy T1
Mes recettes healthy T1,champignons farcis,échalotte,Low-Carb,84,Mes recettes healthy T1
Mes recettes healthy T1,champignons farcis,jus de citron,Low-Carb,84,Mes recettes healthy T1
Mes recettes healthy T1,champignons farcis,oeuf,Low-Carb,84,Mes recettes healthy T1
Mes recettes healthy T1,champignons farcis,sel ,Low-Carb,84,Mes recettes healthy T1
Mes recettes healthy T1,champignons farcis,poivre,Low-Carb,84,Mes recettes healthy T1
Mes recettes healthy T1,courge spaghetti aux crevettes et au pesto,courge spaghetti,Low-Carb,85,Mes recettes healthy T1
Mes recettes healthy T1,courge spaghetti aux crevettes et au pesto,huile de coco,Low-Carb,85,Mes recettes healthy T1
Mes recettes healthy T1,courge spaghetti aux crevettes et au pesto,oignon,Low-Carb,85,Mes recettes healthy T1
Mes recettes healthy T1,courge spaghetti aux crevettes et au pesto,tomate,Low-Carb,85,Mes recettes healthy T1
Mes recettes healthy T1,courge spaghetti aux crevettes et au pesto,gousse d'ail,Low-Carb,85,Mes recettes healthy T1
Mes recettes healthy T1,courge spaghetti aux crevettes et au pesto,crevettes,Low-Carb,85,Mes recettes healthy T1
Mes recettes healthy T1,courge spaghetti aux crevettes et au pesto,pesto,Low-Carb,85,Mes recettes healthy T1
Mes recettes healthy T1,courge spaghetti aux crevettes et au pesto,sel,Low-Carb,85,Mes recettes healthy T1
Mes recettes healthy T1,courge spaghetti aux crevettes et au pesto,poivre,Low-Carb,85,Mes recettes healthy T1
Mes recettes healthy T1,courge spaghetti aux crevettes et au pesto,feta,Low-Carb,85,Mes recettes healthy T1
Mes recettes healthy T1,avocado burger,filet de saumon,Low-Carb,86,Mes recettes healthy T1
Mes recettes healthy T1,avocado burger,aneth en poudre,Low-Carb,86,Mes recettes healthy T1
Mes recettes healthy T1,avocado burger,poudre d'amande ou de noisette,Low-Carb,86,Mes recettes healthy T1
Mes recettes healthy T1,avocado burger,moutarde à l'ancienne,Low-Carb,86,Mes recettes healthy T1
Mes recettes healthy T1,avocado burger,paprika,Low-Carb,86,Mes recettes healthy T1
Mes recettes healthy T1,avocado burger,coriandre en poudre,Low-Carb,86,Mes recettes healthy T1
Mes recettes healthy T1,avocado burger,curcuma en poudre,Low-Carb,86,Mes recettes healthy T1
Mes recettes healthy T1,avocado burger,oeufs,Low-Carb,86,Mes recettes healthy T1
Mes recettes healthy T1,avocado burger,huile d'olive,Low-Carb,86,Mes recettes healthy T1
Mes recettes healthy T1,avocado burger,tomate,Low-Carb,86,Mes recettes healthy T1
Mes recettes healthy T1,avocado burger,oignon,Low-Carb,86,Mes recettes healthy T1
Mes recettes healthy T1,avocado burger,gros avocat,Low-Carb,86,Mes recettes healthy T1
Mes recettes healthy T1,avocado burger,saumon fumé,Low-Carb,86,Mes recettes healthy T1
Mes recettes healthy T1,avocado burger,graines de sésame,Low-Carb,86,Mes recettes healthy T1
Mes recettes healthy T1,avocado burger,salade,Low-Carb,86,Mes recettes healthy T1
Mes recettes healthy T1,avocado burger,sel,Low-Carb,86,Mes recettes healthy T1
Mes recettes healthy T1,avocado burger,poivre,Low-Carb,86,Mes recettes healthy T1
Mes recettes healthy T1,croquettes de poisson,pommes de terre,Low-Carb,88,Mes recettes healthy T1
Mes recettes healthy T1,croquettes de poisson,poisson blanc,Low-Carb,88,Mes recettes healthy T1
Mes recettes healthy T1,croquettes de poisson,pain au blé complet,Low-Carb,88,Mes recettes healthy T1
Mes recettes healthy T1,croquettes de poisson,persil,Low-Carb,88,Mes recettes healthy T1
Mes recettes healthy T1,croquettes de poisson,ciboulette,Low-Carb,88,Mes recettes healthy T1
Mes recettes healthy T1,croquettes de poisson,oignon,Low-Carb,88,Mes recettes healthy T1
Mes recettes healthy T1,croquettes de poisson,oeuf,Low-Carb,88,Mes recettes healthy T1
Mes recettes healthy T1,croquettes de poisson,huile d'olive,Low-Carb,88,Mes recettes healthy T1
Mes recettes healthy T1,croquettes de poisson,ail en poudre,Low-Carb,88,Mes recettes healthy T1
Mes recettes healthy T1,croquettes de poisson,sel,Low-Carb,88,Mes recettes healthy T1
Mes recettes healthy T1,croquettes de poisson,poivre,Low-Carb,88,Mes recettes healthy T1
Mes recettes healthy T1,croquettes de poisson,légumes,Low-Carb,88,Mes recettes healthy T1
Mes recettes healthy T1,croquettes de poisson,salade,Low-Carb,88,Mes recettes healthy T1
Mes recettes healthy T1,croquettes de poisson,fromage blanc,Low-Carb,88,Mes recettes healthy T1
Mes recettes healthy T1,croquettes de poisson,moutarde,Low-Carb,88,Mes recettes healthy T1
Mes recettes healthy T1,flan vacon et poireaux,poireaux,Low-Carb,89,Mes recettes healthy T1
Mes recettes healthy T1,flan vacon et poireaux,huile d'olive,Low-Carb,89,Mes recettes healthy T1
Mes recettes healthy T1,flan vacon et poireaux,bacon,Low-Carb,89,Mes recettes healthy T1
Mes recettes healthy T1,flan vacon et poireaux,fromage de chèvre,Low-Carb,89,Mes recettes healthy T1
Mes recettes healthy T1,flan vacon et poireaux,oeuf,Low-Carb,89,Mes recettes healthy T1
Mes recettes healthy T1,flan vacon et poireaux,blanc d'oeuf,Low-Carb,89,Mes recettes healthy T1
Mes recettes healthy T1,flan vacon et poireaux,lait de soja,Low-Carb,89,Mes recettes healthy T1
Mes recettes healthy T1,flan vacon et poireaux,noix de muscade en poudre,Low-Carb,89,Mes recettes healthy T1
Mes recettes healthy T1,flan vacon et poireaux,sel,Low-Carb,89,Mes recettes healthy T1
Mes recettes healthy T1,flan vacon et poireaux,poivre,Low-Carb,89,Mes recettes healthy T1
Mes recettes healthy T1,"saumon à l'orge, lentilles vertes et riz rouge",huile d'olive,Low-Carb,90,Mes recettes healthy T1
Mes recettes healthy T1,"saumon à l'orge, lentilles vertes et riz rouge",oignon,Low-Carb,90,Mes recettes healthy T1
Mes recettes healthy T1,"saumon à l'orge, lentilles vertes et riz rouge",courgette,Low-Carb,90,Mes recettes healthy T1
Mes recettes healthy T1,"saumon à l'orge, lentilles vertes et riz rouge",saumon,Low-Carb,90,Mes recettes healthy T1
Mes recettes healthy T1,"saumon à l'orge, lentilles vertes et riz rouge",ail en poudre,Low-Carb,90,Mes recettes healthy T1
Mes recettes healthy T1,"saumon à l'orge, lentilles vertes et riz rouge",jus de citron,Low-Carb,90,Mes recettes healthy T1
Mes recettes healthy T1,"saumon à l'orge, lentilles vertes et riz rouge",orge,Low-Carb,90,Mes recettes healthy T1
Mes recettes healthy T1,"saumon à l'orge, lentilles vertes et riz rouge",lentille,Low-Carb,90,Mes recettes healthy T1
Mes recettes healthy T1,"saumon à l'orge, lentilles vertes et riz rouge",riz rouge,Low-Carb,90,Mes recettes healthy T1
Mes recettes healthy T1,"saumon à l'orge, lentilles vertes et riz rouge",tomates cerises,Low-Carb,90,Mes recettes healthy T1
Mes recettes healthy T1,"saumon à l'orge, lentilles vertes et riz rouge",persil,Low-Carb,90,Mes recettes healthy T1
Mes recettes healthy T1,"saumon à l'orge, lentilles vertes et riz rouge",sel,Low-Carb,90,Mes recettes healthy T1
Mes recettes healthy T1,"saumon à l'orge, lentilles vertes et riz rouge",poivre,Low-Carb,90,Mes recettes healthy T1
Mes recettes healthy T1,salade détox by thibault,tomate,Low-Carb,92,Mes recettes healthy T1
Mes recettes healthy T1,salade détox by thibault,avocat,Low-Carb,92,Mes recettes healthy T1
Mes recettes healthy T1,salade détox by thibault,champignons de paris,Low-Carb,92,Mes recettes healthy T1
Mes recettes healthy T1,salade détox by thibault,betterave,Low-Carb,92,Mes recettes healthy T1
Mes recettes healthy T1,salade détox by thibault,concombre,Low-Carb,92,Mes recettes healthy T1
Mes recettes healthy T1,salade détox by thibault,oignon rouge,Low-Carb,92,Mes recettes healthy T1
Mes recettes healthy T1,salade détox by thibault,feta,Low-Carb,92,Mes recettes healthy T1
Mes recettes healthy T1,salade détox by thibault,croûton,Low-Carb,92,Mes recettes healthy T1
Mes recettes healthy T1,salade détox by thibault,coriandre,Low-Carb,92,Mes recettes healthy T1
Mes recettes healthy T1,salade détox by thibault,persil,Low-Carb,92,Mes recettes healthy T1
Mes recettes healthy T1,salade détox by thibault,jus de citron,Low-Carb,92,Mes recettes healthy T1
Mes recettes healthy T1,salade détox by thibault,moutarde,Low-Carb,92,Mes recettes healthy T1
Mes recettes healthy T1,salade détox by thibault,huile d'olive,Low-Carb,92,Mes recettes healthy T1
Mes recettes healthy T1,salade détox by thibault,ail en poudre,Low-Carb,92,Mes recettes healthy T1
Mes recettes healthy T1,salade détox by thibault,curcuma en poudre,Low-Carb,92,Mes recettes healthy T1
Mes recettes healthy T1,salade détox by thibault,gingembre en poudre,Low-Carb,92,Mes recettes healthy T1
Mes recettes healthy T1,salade détox by thibault,persil,Low-Carb,92,Mes recettes healthy T1
Mes recettes healthy T1,salade détox by thibault,herbes de provence,Low-Carb,92,Mes recettes healthy T1
Mes recettes healthy T1,salade détox by thibault,vinaigre de vin,Low-Carb,92,Mes recettes healthy T1
Mes recettes healthy T1,salade détox by thibault,jus de citron,Low-Carb,92,Mes recettes healthy T1
Mes recettes healthy T1,salade détox by thibault,sel,Low-Carb,92,Mes recettes healthy T1
Mes recettes healthy T1,salade détox by thibault,poivre,Low-Carb,92,Mes recettes healthy T1
Mes recettes healthy T1,salade performance,aiguillettes de volaille,Low-Carb,94,Mes recettes healthy T1
Mes recettes healthy T1,salade performance,huile de coco,Low-Carb,94,Mes recettes healthy T1
Mes recettes healthy T1,salade performance,carotte,Low-Carb,94,Mes recettes healthy T1
Mes recettes healthy T1,salade performance,tomates cerises,Low-Carb,94,Mes recettes healthy T1
Mes recettes healthy T1,salade performance,oeuf,Low-Carb,94,Mes recettes healthy T1
Mes recettes healthy T1,salade performance,pousses d'épinard,Low-Carb,94,Mes recettes healthy T1
Mes recettes healthy T1,salade performance,noix,Low-Carb,94,Mes recettes healthy T1
Mes recettes healthy T1,salade performance,graines de chia,Low-Carb,94,Mes recettes healthy T1
Mes recettes healthy T1,salade performance,graines de grenades,Low-Carb,94,Mes recettes healthy T1
Mes recettes healthy T1,salade performance,miel,Low-Carb,94,Mes recettes healthy T1
Mes recettes healthy T1,salade performance,vinaigre balsamique,Low-Carb,94,Mes recettes healthy T1
Mes recettes healthy T1,salade performance,oignon en poudre,Low-Carb,94,Mes recettes healthy T1
Mes recettes healthy T1,salade performance,herbes de provence,Low-Carb,94,Mes recettes healthy T1
Mes recettes healthy T1,salade performance,moutarde,Low-Carb,94,Mes recettes healthy T1
Mes recettes healthy T1,salade performance,sel,Low-Carb,94,Mes recettes healthy T1
Mes recettes healthy T1,salade performance,poivre,Low-Carb,94,Mes recettes healthy T1
Mes recettes healthy T1,salade faîcheur,melon,Low-Carb,95,Mes recettes healthy T1
Mes recettes healthy T1,salade faîcheur,poivron jaune,Low-Carb,95,Mes recettes healthy T1
Mes recettes healthy T1,salade faîcheur,poivron vert,Low-Carb,95,Mes recettes healthy T1
Mes recettes healthy T1,salade faîcheur,quinoa,Low-Carb,95,Mes recettes healthy T1
Mes recettes healthy T1,salade faîcheur,jambon cru,Low-Carb,95,Mes recettes healthy T1
Mes recettes healthy T1,salade faîcheur,graines de courge,Low-Carb,95,Mes recettes healthy T1
Mes recettes healthy T1,salade faîcheur,basilic,Low-Carb,95,Mes recettes healthy T1
Mes recettes healthy T1,salade faîcheur,roquette,Low-Carb,95,Mes recettes healthy T1
Mes recettes healthy T1,salade faîcheur,huile d'olive,Low-Carb,95,Mes recettes healthy T1
Mes recettes healthy T1,"lamelles de boeuf, courgette",oignon,Low-Carb,96,Mes recettes healthy T1
Mes recettes healthy T1,"lamelles de boeuf, courgette",huile d'olive,Low-Carb,96,Mes recettes healthy T1
Mes recettes healthy T1,"lamelles de boeuf, courgette",courgette,Low-Carb,96,Mes recettes healthy T1
Mes recettes healthy T1,"lamelles de boeuf, courgette",champignons de Paris,Low-Carb,96,Mes recettes healthy T1
Mes recettes healthy T1,"lamelles de boeuf, courgette",échalote,Low-Carb,96,Mes recettes healthy T1
Mes recettes healthy T1,"lamelles de boeuf, courgette",gousse d'ail,Low-Carb,96,Mes recettes healthy T1
Mes recettes healthy T1,"lamelles de boeuf, courgette",boeuf,Low-Carb,96,Mes recettes healthy T1
Mes recettes healthy T1,"lamelles de boeuf, courgette",tomate cerise,Low-Carb,96,Mes recettes healthy T1
Mes recettes healthy T1,"lamelles de boeuf, courgette",coulis de tomate,Low-Carb,96,Mes recettes healthy T1
Mes recettes healthy T1,"lamelles de boeuf, courgette",cumin en poudre,Low-Carb,96,Mes recettes healthy T1
Mes recettes healthy T1,"lamelles de boeuf, courgette",herbes de Provence,Low-Carb,96,Mes recettes healthy T1
Mes recettes healthy T1,"lamelles de boeuf, courgette",concentré de tomate,Low-Carb,96,Mes recettes healthy T1
Mes recettes healthy T1,"lamelles de boeuf, courgette",ciboulette,Low-Carb,96,Mes recettes healthy T1
Mes recettes healthy T1,"lamelles de boeuf, courgette",sel,Low-Carb,96,Mes recettes healthy T1
Mes recettes healthy T1,"lamelles de boeuf, courgette",poivre,Low-Carb,96,Mes recettes healthy T1
Mes recettes healthy T1,salade jarre arc-en-ciel,huile d'olive,Low-Carb,98,Mes recettes healthy T1
Mes recettes healthy T1,salade jarre arc-en-ciel,vinaigre balsamique,Low-Carb,98,Mes recettes healthy T1
Mes recettes healthy T1,salade jarre arc-en-ciel,gousse d'ail,Low-Carb,98,Mes recettes healthy T1
Mes recettes healthy T1,salade jarre arc-en-ciel,basilic,Low-Carb,98,Mes recettes healthy T1
Mes recettes healthy T1,salade jarre arc-en-ciel,sel,Low-Carb,98,Mes recettes healthy T1
Mes recettes healthy T1,salade jarre arc-en-ciel,poivre,Low-Carb,98,Mes recettes healthy T1
Mes recettes healthy T1,salade jarre arc-en-ciel,chou rouge,Low-Carb,98,Mes recettes healthy T1
Mes recettes healthy T1,salade jarre arc-en-ciel,tomate cerise,Low-Carb,98,Mes recettes healthy T1
Mes recettes healthy T1,salade jarre arc-en-ciel,carottes râpées,Low-Carb,98,Mes recettes healthy T1
Mes recettes healthy T1,salade jarre arc-en-ciel,poivron jaune,Low-Carb,98,Mes recettes healthy T1
Mes recettes healthy T1,salade jarre arc-en-ciel,concombre,Low-Carb,98,Mes recettes healthy T1
Mes recettes healthy T1,salade jarre arc-en-ciel,amandes concassées,Low-Carb,98,Mes recettes healthy T1
Mes recettes healthy T1,salade jarre arc-en-ciel,noix concassées,Low-Carb,98,Mes recettes healthy T1
Mes recettes healthy T1,salade jarre arc-en-ciel,graines ,Low-Carb,98,Mes recettes healthy T1
Mes recettes healthy T1,salade jarre arc-en-ciel,jeunes pousses d'épinard,Low-Carb,98,Mes recettes healthy T1
Mes recettes healthy T1,salade jarre arc-en-ciel,citron vert,Low-Carb,98,Mes recettes healthy T1
Mes recettes healthy T1,patate douce farcie au chicken épicé,patate douce,Post-Training,100,Mes recettes healthy T1
Mes recettes healthy T1,patate douce farcie au chicken épicé,filet de poulet,Post-Training,100,Mes recettes healthy T1
Mes recettes healthy T1,patate douce farcie au chicken épicé,fromage blanc 3%,Post-Training,100,Mes recettes healthy T1
Mes recettes healthy T1,patate douce farcie au chicken épicé,harissa,Post-Training,100,Mes recettes healthy T1
Mes recettes healthy T1,patate douce farcie au chicken épicé,paprika en poudre,Post-Training,100,Mes recettes healthy T1
Mes recettes healthy T1,patate douce farcie au chicken épicé,chili en poudre,Post-Training,100,Mes recettes healthy T1
Mes recettes healthy T1,patate douce farcie au chicken épicé,vinaigre de vin,Post-Training,100,Mes recettes healthy T1
Mes recettes healthy T1,patate douce farcie au chicken épicé,huile d'olive ,Post-Training,100,Mes recettes healthy T1
Mes recettes healthy T1,patate douce farcie au chicken épicé,miel,Post-Training,100,Mes recettes healthy T1
Mes recettes healthy T1,patate douce farcie au chicken épicé,gousse d'ail,Post-Training,100,Mes recettes healthy T1
Mes recettes healthy T1,patate douce farcie au chicken épicé,poivre,Post-Training,100,Mes recettes healthy T1
Mes recettes healthy T1,patate douce farcie au chicken épicé,mélange de choux,Post-Training,100,Mes recettes healthy T1
Mes recettes healthy T1,patate douce farcie au chicken épicé,crottes râpées,Post-Training,100,Mes recettes healthy T1
Mes recettes healthy T1,patate douce farcie au chicken épicé,oignon,Post-Training,100,Mes recettes healthy T1
Mes recettes healthy T1,patate douce farcie au chicken épicé,ail en poudre,Post-Training,100,Mes recettes healthy T1
Mes recettes healthy T1,patate douce farcie au chicken épicé,vinaigre ,Post-Training,100,Mes recettes healthy T1
Mes recettes healthy T1,patate douce farcie au chicken épicé,huile d'olive ,Post-Training,100,Mes recettes healthy T1
Mes recettes healthy T1,patate douce farcie au chicken épicé,jus de citron,Post-Training,100,Mes recettes healthy T1
Mes recettes healthy T1,patate douce farcie au chicken épicé,graines,Post-Training,100,Mes recettes healthy T1
Mes recettes healthy T1,patate douce farcie au chicken épicé,sel,Post-Training,100,Mes recettes healthy T1
Mes recettes healthy T1,patate douce farcie au chicken épicé,poivre,Post-Training,100,Mes recettes healthy T1
Mes recettes healthy T1,riz à la thaïe,filet de poulet,Post-Training,102,Mes recettes healthy T1
Mes recettes healthy T1,riz à la thaïe,poivron jaune,Post-Training,102,Mes recettes healthy T1
Mes recettes healthy T1,riz à la thaïe,poivron rouge,Post-Training,102,Mes recettes healthy T1
Mes recettes healthy T1,riz à la thaïe,ail en poudre,Post-Training,102,Mes recettes healthy T1
Mes recettes healthy T1,riz à la thaïe,sauce soja,Post-Training,102,Mes recettes healthy T1
Mes recettes healthy T1,riz à la thaïe,gingembre en poudre,Post-Training,102,Mes recettes healthy T1
Mes recettes healthy T1,riz à la thaïe,huile d'olive,Post-Training,102,Mes recettes healthy T1
Mes recettes healthy T1,riz à la thaïe,citron vert,Post-Training,102,Mes recettes healthy T1
Mes recettes healthy T1,riz à la thaïe,cube de bouillon miso,Post-Training,102,Mes recettes healthy T1
Mes recettes healthy T1,riz à la thaïe,riz basmati,Post-Training,102,Mes recettes healthy T1
Mes recettes healthy T1,riz à la thaïe,coriandre ,Post-Training,102,Mes recettes healthy T1
Mes recettes healthy T1,riz à la thaïe,persil,Post-Training,102,Mes recettes healthy T1
Mes recettes healthy T1,riz à la thaïe,sel,Post-Training,102,Mes recettes healthy T1
Mes recettes healthy T1,riz à la thaïe,poivre,Post-Training,102,Mes recettes healthy T1
Mes recettes healthy T1,chicken burger healthy,filet de poulet,Post-Training,104,Mes recettes healthy T1
Mes recettes healthy T1,chicken burger healthy,carotte,Post-Training,104,Mes recettes healthy T1
Mes recettes healthy T1,chicken burger healthy,gousse d'ail,Post-Training,104,Mes recettes healthy T1
Mes recettes healthy T1,chicken burger healthy,moutarde,Post-Training,104,Mes recettes healthy T1
Mes recettes healthy T1,chicken burger healthy,persil,Post-Training,104,Mes recettes healthy T1
Mes recettes healthy T1,chicken burger healthy,huile d'olive,Post-Training,104,Mes recettes healthy T1
Mes recettes healthy T1,chicken burger healthy,pain au blé complet,Post-Training,104,Mes recettes healthy T1
Mes recettes healthy T1,chicken burger healthy,pain burger au blé complet,Post-Training,104,Mes recettes healthy T1
Mes recettes healthy T1,chicken burger healthy,yaourt à la grecque,Post-Training,104,Mes recettes healthy T1
Mes recettes healthy T1,chicken burger healthy,fromage blanc 10%,Post-Training,104,Mes recettes healthy T1
Mes recettes healthy T1,chicken burger healthy,concentré de tomate,Post-Training,104,Mes recettes healthy T1
Mes recettes healthy T1,chicken burger healthy,piment en poudre,Post-Training,104,Mes recettes healthy T1
Mes recettes healthy T1,chicken burger healthy,paprika fumé,Post-Training,104,Mes recettes healthy T1
Mes recettes healthy T1,chicken burger healthy,salade,Post-Training,104,Mes recettes healthy T1
Mes recettes healthy T1,chicken burger healthy,tomate,Post-Training,104,Mes recettes healthy T1
Mes recettes healthy T1,chicken burger healthy,sel,Post-Training,104,Mes recettes healthy T1
Mes recettes healthy T1,chicken burger healthy,poivre,Post-Training,104,Mes recettes healthy T1
Mes recettes healthy T1,pâtes et boulettes de boeuf en sauce,viande hachée,Post-Training,106,Mes recettes healthy T1
Mes recettes healthy T1,pâtes et boulettes de boeuf en sauce,chapelure,Post-Training,106,Mes recettes healthy T1
Mes recettes healthy T1,pâtes et boulettes de boeuf en sauce,ail en poudre,Post-Training,106,Mes recettes healthy T1
Mes recettes healthy T1,pâtes et boulettes de boeuf en sauce,oignon,Post-Training,106,Mes recettes healthy T1
Mes recettes healthy T1,pâtes et boulettes de boeuf en sauce,huile d'olive,Post-Training,106,Mes recettes healthy T1
Mes recettes healthy T1,pâtes et boulettes de boeuf en sauce,échalote,Post-Training,106,Mes recettes healthy T1
Mes recettes healthy T1,pâtes et boulettes de boeuf en sauce,thym,Post-Training,106,Mes recettes healthy T1
Mes recettes healthy T1,pâtes et boulettes de boeuf en sauce,tomate,Post-Training,106,Mes recettes healthy T1
Mes recettes healthy T1,pâtes et boulettes de boeuf en sauce,concentré de tomate,Post-Training,106,Mes recettes healthy T1
Mes recettes healthy T1,pâtes et boulettes de boeuf en sauce,épinards,Post-Training,106,Mes recettes healthy T1
Mes recettes healthy T1,pâtes et boulettes de boeuf en sauce,pâtes complètes,Post-Training,106,Mes recettes healthy T1
Mes recettes healthy T1,pâtes et boulettes de boeuf en sauce,parmesan,Post-Training,106,Mes recettes healthy T1
Mes recettes healthy T1,pâtes et boulettes de boeuf en sauce,sel,Post-Training,106,Mes recettes healthy T1
Mes recettes healthy T1,pâtes et boulettes de boeuf en sauce,poivre,Post-Training,106,Mes recettes healthy T1
Mes recettes healthy T1,gaufres salées,volaille cuite,Post-Training,108,Mes recettes healthy T1
Mes recettes healthy T1,gaufres salées,jambon,Post-Training,108,Mes recettes healthy T1
Mes recettes healthy T1,gaufres salées,flocons d'avoine,Post-Training,108,Mes recettes healthy T1
Mes recettes healthy T1,gaufres salées,oeuf,Post-Training,108,Mes recettes healthy T1
Mes recettes healthy T1,gaufres salées,boisson végétale,Post-Training,108,Mes recettes healthy T1
Mes recettes healthy T1,gaufres salées,fromage râpé de brebis,Post-Training,108,Mes recettes healthy T1
Mes recettes healthy T1,gaufres salées,origan,Post-Training,108,Mes recettes healthy T1
Mes recettes healthy T1,gaufres salées,ail en poudre,Post-Training,108,Mes recettes healthy T1
Mes recettes healthy T1,gaufres salées,bicarbonate de sodium,Post-Training,108,Mes recettes healthy T1
Mes recettes healthy T1,gaufres salées,poivre,Post-Training,108,Mes recettes healthy T1
Mes recettes healthy T1,"dès de poulet, sauce au beurre de cacahuète et tomate",blanc de poulet,Post-Training,110,Mes recettes healthy T1
Mes recettes healthy T1,"dès de poulet, sauce au beurre de cacahuète et tomate",huile d'olive,Post-Training,110,Mes recettes healthy T1
Mes recettes healthy T1,"dès de poulet, sauce au beurre de cacahuète et tomate",oignon,Post-Training,110,Mes recettes healthy T1
Mes recettes healthy T1,"dès de poulet, sauce au beurre de cacahuète et tomate",coulis de tomate,Post-Training,110,Mes recettes healthy T1
Mes recettes healthy T1,"dès de poulet, sauce au beurre de cacahuète et tomate",eau,Post-Training,110,Mes recettes healthy T1
Mes recettes healthy T1,"dès de poulet, sauce au beurre de cacahuète et tomate",crème de coco,Post-Training,110,Mes recettes healthy T1
Mes recettes healthy T1,"dès de poulet, sauce au beurre de cacahuète et tomate",beurre de cacahuète,Post-Training,110,Mes recettes healthy T1
Mes recettes healthy T1,"dès de poulet, sauce au beurre de cacahuète et tomate",sauce soja,Post-Training,110,Mes recettes healthy T1
Mes recettes healthy T1,"dès de poulet, sauce au beurre de cacahuète et tomate",citron vert,Post-Training,110,Mes recettes healthy T1
Mes recettes healthy T1,"dès de poulet, sauce au beurre de cacahuète et tomate",sel,Post-Training,110,Mes recettes healthy T1
Mes recettes healthy T1,"dès de poulet, sauce au beurre de cacahuète et tomate",poivre,Post-Training,110,Mes recettes healthy T1
Mes recettes healthy T1,"dès de poulet, sauce au beurre de cacahuète et tomate",riz basmati,Post-Training,110,Mes recettes healthy T1
Mes recettes healthy T1,"dès de poulet, sauce au beurre de cacahuète et tomate",tomates cerises,Post-Training,110,Mes recettes healthy T1
Mes recettes healthy T1,"poulet thaï paléo, courge et patate douce",blanc de poulet,Post-Training,111,Mes recettes healthy T1
Mes recettes healthy T1,"poulet thaï paléo, courge et patate douce",huile d'olive,Post-Training,111,Mes recettes healthy T1
Mes recettes healthy T1,"poulet thaï paléo, courge et patate douce",courge,Post-Training,111,Mes recettes healthy T1
Mes recettes healthy T1,"poulet thaï paléo, courge et patate douce",papate douce,Post-Training,111,Mes recettes healthy T1
Mes recettes healthy T1,"poulet thaï paléo, courge et patate douce",gousse d'ail,Post-Training,111,Mes recettes healthy T1
Mes recettes healthy T1,"poulet thaï paléo, courge et patate douce",oignon,Post-Training,111,Mes recettes healthy T1
Mes recettes healthy T1,"poulet thaï paléo, courge et patate douce",lait de coco,Post-Training,111,Mes recettes healthy T1
Mes recettes healthy T1,"poulet thaï paléo, courge et patate douce",crème de coco,Post-Training,111,Mes recettes healthy T1
Mes recettes healthy T1,"poulet thaï paléo, courge et patate douce",sauce soja,Post-Training,111,Mes recettes healthy T1
Mes recettes healthy T1,"poulet thaï paléo, courge et patate douce",chili en poudre,Post-Training,111,Mes recettes healthy T1
Mes recettes healthy T1,"poulet thaï paléo, courge et patate douce",sauce noc-mâm,Post-Training,111,Mes recettes healthy T1
Mes recettes healthy T1,"poulet thaï paléo, courge et patate douce",eau,Post-Training,111,Mes recettes healthy T1
Mes recettes healthy T1,"poulet thaï paléo, courge et patate douce",bouillon,Post-Training,111,Mes recettes healthy T1
Mes recettes healthy T1,"poulet thaï paléo, courge et patate douce",coriandre,Post-Training,111,Mes recettes healthy T1
Mes recettes healthy T1,"poulet thaï paléo, courge et patate douce",basilic,Post-Training,111,Mes recettes healthy T1
Mes recettes healthy T1,"poulet thaï paléo, courge et patate douce",sel,Post-Training,111,Mes recettes healthy T1
Mes recettes healthy T1,"poulet thaï paléo, courge et patate douce",poivre,Post-Training,111,Mes recettes healthy T1
Mes recettes healthy T1,veggie burger,millet,Post-Training,112,Mes recettes healthy T1
Mes recettes healthy T1,veggie burger,oignon,Post-Training,112,Mes recettes healthy T1
Mes recettes healthy T1,veggie burger,huile d'olive,Post-Training,112,Mes recettes healthy T1
Mes recettes healthy T1,veggie burger,courgette,Post-Training,112,Mes recettes healthy T1
Mes recettes healthy T1,veggie burger,poudre d'amades,Post-Training,112,Mes recettes healthy T1
Mes recettes healthy T1,veggie burger,oeuf,Post-Training,112,Mes recettes healthy T1
Mes recettes healthy T1,veggie burger,crème de coco,Post-Training,112,Mes recettes healthy T1
Mes recettes healthy T1,veggie burger,persil,Post-Training,112,Mes recettes healthy T1
Mes recettes healthy T1,veggie burger,cumin en poudre,Post-Training,112,Mes recettes healthy T1
Mes recettes healthy T1,veggie burger,pain muffin au blé complet,Post-Training,112,Mes recettes healthy T1
Mes recettes healthy T1,veggie burger,sel,Post-Training,112,Mes recettes healthy T1
Mes recettes healthy T1,veggie burger,poivre,Post-Training,112,Mes recettes healthy T1
Mes recettes healthy T1,veggie burger,laitue,Post-Training,112,Mes recettes healthy T1
Mes recettes healthy T1,veggie burger,avocat,Post-Training,112,Mes recettes healthy T1
Mes recettes healthy T1,veggie burger,oignon rouge,Post-Training,112,Mes recettes healthy T1
Mes recettes healthy T1,veggie burger,tomate,Post-Training,112,Mes recettes healthy T1
Mes recettes healthy T1,risotto express au saumon et aux pois gourmand,pavé de saumon,Post-Training,114,Mes recettes healthy T1
Mes recettes healthy T1,risotto express au saumon et aux pois gourmand,oignon,Post-Training,114,Mes recettes healthy T1
Mes recettes healthy T1,risotto express au saumon et aux pois gourmand,champignons de Paris,Post-Training,114,Mes recettes healthy T1
Mes recettes healthy T1,risotto express au saumon et aux pois gourmand,huile d'olive,Post-Training,114,Mes recettes healthy T1
Mes recettes healthy T1,risotto express au saumon et aux pois gourmand,vin blanc,Post-Training,114,Mes recettes healthy T1
Mes recettes healthy T1,risotto express au saumon et aux pois gourmand,riz,Post-Training,114,Mes recettes healthy T1
Mes recettes healthy T1,risotto express au saumon et aux pois gourmand,pois gourmand,Post-Training,114,Mes recettes healthy T1
Mes recettes healthy T1,risotto express au saumon et aux pois gourmand,lait de coco,Post-Training,114,Mes recettes healthy T1
Mes recettes healthy T1,risotto express au saumon et aux pois gourmand,saumon fumé,Post-Training,114,Mes recettes healthy T1
Mes recettes healthy T1,risotto express au saumon et aux pois gourmand,aneth,Post-Training,114,Mes recettes healthy T1
Mes recettes healthy T1,risotto express au saumon et aux pois gourmand,sel,Post-Training,114,Mes recettes healthy T1
Mes recettes healthy T1,risotto express au saumon et aux pois gourmand,poivre,,114,Mes recettes healthy T1
Mes recettes healthy T1,pâtes façon carbonara healthy,jambon,Post-Training,116,Mes recettes healthy T1
Mes recettes healthy T1,pâtes façon carbonara healthy,bacon,Post-Training,116,Mes recettes healthy T1
Mes recettes healthy T1,pâtes façon carbonara healthy,oignon,Post-Training,116,Mes recettes healthy T1
Mes recettes healthy T1,pâtes façon carbonara healthy,champignons de Paris,Post-Training,116,Mes recettes healthy T1
Mes recettes healthy T1,pâtes façon carbonara healthy,huile d'olive,Post-Training,116,Mes recettes healthy T1
Mes recettes healthy T1,pâtes façon carbonara healthy,lait de coco,Post-Training,116,Mes recettes healthy T1
Mes recettes healthy T1,pâtes façon carbonara healthy,sauce soja,Post-Training,116,Mes recettes healthy T1
Mes recettes healthy T1,pâtes façon carbonara healthy,pâtes complètes,Post-Training,116,Mes recettes healthy T1
Mes recettes healthy T1,pâtes façon carbonara healthy,fromage râpé de brebis,Post-Training,116,Mes recettes healthy T1
Mes recettes healthy T1,pâtes façon carbonara healthy,coriandre,Post-Training,116,Mes recettes healthy T1
Mes recettes healthy T1,pâtes façon carbonara healthy,sel,Post-Training,116,Mes recettes healthy T1
Mes recettes healthy T1,pâtes façon carbonara healthy,poivre,Post-Training,116,Mes recettes healthy T1
Mes recettes healthy T1,tacons de poisson pané et guacamole,avocat,Post-Training,118,Mes recettes healthy T1
Mes recettes healthy T1,tacons de poisson pané et guacamole,fromage blanc 3%,Post-Training,118,Mes recettes healthy T1
Mes recettes healthy T1,tacons de poisson pané et guacamole,ail en poudre,Post-Training,118,Mes recettes healthy T1
Mes recettes healthy T1,tacons de poisson pané et guacamole,cumin en poudre,Post-Training,118,Mes recettes healthy T1
Mes recettes healthy T1,tacons de poisson pané et guacamole,huile d'olive,Post-Training,118,Mes recettes healthy T1
Mes recettes healthy T1,tacons de poisson pané et guacamole,vinaigre de vin ,Post-Training,118,Mes recettes healthy T1
Mes recettes healthy T1,tacons de poisson pané et guacamole,citron vert,Post-Training,118,Mes recettes healthy T1
Mes recettes healthy T1,tacons de poisson pané et guacamole,paprika,Post-Training,118,Mes recettes healthy T1
Mes recettes healthy T1,tacons de poisson pané et guacamole,tabasco,Post-Training,118,Mes recettes healthy T1
Mes recettes healthy T1,tacons de poisson pané et guacamole,tomate,Post-Training,118,Mes recettes healthy T1
Mes recettes healthy T1,tacons de poisson pané et guacamole,poivron,Post-Training,118,Mes recettes healthy T1
Mes recettes healthy T1,tacons de poisson pané et guacamole,piment,Post-Training,118,Mes recettes healthy T1
Mes recettes healthy T1,tacons de poisson pané et guacamole,oignon rouge,Post-Training,118,Mes recettes healthy T1
Mes recettes healthy T1,tacons de poisson pané et guacamole,filet de poisson blanc,Post-Training,118,Mes recettes healthy T1
Mes recettes healthy T1,tacons de poisson pané et guacamole,oeuf,Post-Training,118,Mes recettes healthy T1
Mes recettes healthy T1,tacons de poisson pané et guacamole,graines de sésame,Post-Training,118,Mes recettes healthy T1
Mes recettes healthy T1,tacons de poisson pané et guacamole,miniwrap,Post-Training,118,Mes recettes healthy T1
Mes recettes healthy T1,tacons de poisson pané et guacamole,coriandre,Post-Training,118,Mes recettes healthy T1
Mes recettes healthy T1,tacons de poisson pané et guacamole,sel,Post-Training,118,Mes recettes healthy T1
Mes recettes healthy T1,tacons de poisson pané et guacamole,poivre,Post-Training,118,Mes recettes healthy T1
Mes recettes healthy T1,poulet aux asperges et aux champignons,patate douce,Post-Training,120,Mes recettes healthy T1
Mes recettes healthy T1,poulet aux asperges et aux champignons,huile de coco,Post-Training,120,Mes recettes healthy T1
Mes recettes healthy T1,poulet aux asperges et aux champignons,blanc de poulet,Post-Training,120,Mes recettes healthy T1
Mes recettes healthy T1,poulet aux asperges et aux champignons,champignons de Paris,Post-Training,120,Mes recettes healthy T1
Mes recettes healthy T1,poulet aux asperges et aux champignons,crème fraîche 15%,Post-Training,120,Mes recettes healthy T1
Mes recettes healthy T1,poulet aux asperges et aux champignons,asperges blanches ou vertes,Post-Training,120,Mes recettes healthy T1
Mes recettes healthy T1,poulet aux asperges et aux champignons,sel,Post-Training,120,Mes recettes healthy T1
Mes recettes healthy T1,poulet aux asperges et aux champignons,poivre,Post-Training,,Mes recettes healthy T1
Mes recettes healthy T1,nid d'oeuf,patate douce,Post-Training,122,Mes recettes healthy T1
Mes recettes healthy T1,nid d'oeuf,huile d'olive,Post-Training,122,Mes recettes healthy T1
Mes recettes healthy T1,nid d'oeuf,oeufs,Post-Training,122,Mes recettes healthy T1
Mes recettes healthy T1,nid d'oeuf,paprika en poudre,Post-Training,122,Mes recettes healthy T1
Mes recettes healthy T1,nid d'oeuf,sel,Post-Training,122,Mes recettes healthy T1
Mes recettes healthy T1,nid d'oeuf,poivre,Post-Training,122,Mes recettes healthy T1
Mes recettes healthy T1,paella healthy,filet de poulet,Post-Training,124,Mes recettes healthy T1
Mes recettes healthy T1,paella healthy,chorizo,Post-Training,124,Mes recettes healthy T1
Mes recettes healthy T1,paella healthy,poivron,Post-Training,124,Mes recettes healthy T1
Mes recettes healthy T1,paella healthy,oignon,Post-Training,124,Mes recettes healthy T1
Mes recettes healthy T1,paella healthy,gousse d'ail,Post-Training,124,Mes recettes healthy T1
Mes recettes healthy T1,paella healthy,cube de bouillon,Post-Training,124,Mes recettes healthy T1
Mes recettes healthy T1,paella healthy,huile d'olive,Post-Training,124,Mes recettes healthy T1
Mes recettes healthy T1,paella healthy,calamars,Post-Training,124,Mes recettes healthy T1
Mes recettes healthy T1,paella healthy,coulis de tomate,Post-Training,124,Mes recettes healthy T1
Mes recettes healthy T1,paella healthy,safran,Post-Training,124,Mes recettes healthy T1
Mes recettes healthy T1,paella healthy,moules,Post-Training,124,Mes recettes healthy T1
Mes recettes healthy T1,paella healthy,crevettes,Post-Training,124,Mes recettes healthy T1
Mes recettes healthy T1,paella healthy,petits pois,Post-Training,124,Mes recettes healthy T1
Mes recettes healthy T1,paella healthy,riz basmati,Post-Training,124,Mes recettes healthy T1
Mes recettes healthy T1,paella healthy,sel,Post-Training,124,Mes recettes healthy T1
Mes recettes healthy T1,paella healthy,poivre,Post-Training,124,Mes recettes healthy T1
Mes recettes healthy T1,"hachis de pomme de terre, boeuf et poivron",huile d'olive,Post-Training,126,Mes recettes healthy T1
Mes recettes healthy T1,"hachis de pomme de terre, boeuf et poivron",oignons,Post-Training,126,Mes recettes healthy T1
Mes recettes healthy T1,"hachis de pomme de terre, boeuf et poivron",poivron vert,Post-Training,126,Mes recettes healthy T1
Mes recettes healthy T1,"hachis de pomme de terre, boeuf et poivron",poivron rouge,Post-Training,126,Mes recettes healthy T1
Mes recettes healthy T1,"hachis de pomme de terre, boeuf et poivron",gousse d'ail,Post-Training,126,Mes recettes healthy T1
Mes recettes healthy T1,"hachis de pomme de terre, boeuf et poivron",boeuf haché,Post-Training,126,Mes recettes healthy T1
Mes recettes healthy T1,"hachis de pomme de terre, boeuf et poivron",farine,Post-Training,126,Mes recettes healthy T1
Mes recettes healthy T1,"hachis de pomme de terre, boeuf et poivron",pommes de terre,Post-Training,126,Mes recettes healthy T1
Mes recettes healthy T1,"hachis de pomme de terre, boeuf et poivron",crème fraîche 15%,Post-Training,126,Mes recettes healthy T1
Mes recettes healthy T1,"hachis de pomme de terre, boeuf et poivron",noix de muscade en poudre,Post-Training,126,Mes recettes healthy T1
Mes recettes healthy T1,"hachis de pomme de terre, boeuf et poivron",sel,Post-Training,126,Mes recettes healthy T1
Mes recettes healthy T1,"hachis de pomme de terre, boeuf et poivron",poivre,Post-Training,126,Mes recettes healthy T1
Mes recettes healthy T1,galette de blé noir à la crevette,oignon,Post-Training,128,Mes recettes healthy T1
Mes recettes healthy T1,galette de blé noir à la crevette,blanc de poireau,Post-Training,128,Mes recettes healthy T1
Mes recettes healthy T1,galette de blé noir à la crevette,huile d'olive,Post-Training,128,Mes recettes healthy T1
Mes recettes healthy T1,galette de blé noir à la crevette,vin blanc,Post-Training,128,Mes recettes healthy T1
Mes recettes healthy T1,galette de blé noir à la crevette,préparation crémeuse de soja,Post-Training,128,Mes recettes healthy T1
Mes recettes healthy T1,galette de blé noir à la crevette,piment d'espelette,Post-Training,128,Mes recettes healthy T1
Mes recettes healthy T1,galette de blé noir à la crevette,crevettes cuites,Post-Training,128,Mes recettes healthy T1
Mes recettes healthy T1,galette de blé noir à la crevette,galettes de sarrasin,Post-Training,128,Mes recettes healthy T1
Mes recettes healthy T1,galette de blé noir à la crevette,oeufs,Post-Training,128,Mes recettes healthy T1
Mes recettes healthy T1,galette de blé noir à la crevette,sel,Post-Training,128,Mes recettes healthy T1
Mes recettes healthy T1,galette de blé noir à la crevette,poivre,Post-Training,128,Mes recettes healthy T1
Mes recettes healthy T1,quiche au saumon et pointes d'asperge,pointes d'asperge,Post-Training,129,Mes recettes healthy T1
Mes recettes healthy T1,quiche au saumon et pointes d'asperge,saumon fumé,Post-Training,129,Mes recettes healthy T1
Mes recettes healthy T1,quiche au saumon et pointes d'asperge,boisson d'avoine,Post-Training,129,Mes recettes healthy T1
Mes recettes healthy T1,quiche au saumon et pointes d'asperge,oeuf,Post-Training,129,Mes recettes healthy T1
Mes recettes healthy T1,quiche au saumon et pointes d'asperge,blanc d'oeuf,Post-Training,129,Mes recettes healthy T1
Mes recettes healthy T1,quiche au saumon et pointes d'asperge,farine,Post-Training,129,Mes recettes healthy T1
Mes recettes healthy T1,quiche au saumon et pointes d'asperge,noix de muscade,Post-Training,129,Mes recettes healthy T1
Mes recettes healthy T1,quiche au saumon et pointes d'asperge,sel,Post-Training,129,Mes recettes healthy T1
Mes recettes healthy T1,quiche au saumon et pointes d'asperge,poivre,Post-Training,129,Mes recettes healthy T1
Mes recettes healthy T1,vermicelles de riz au poulet et aux noix de cajou,cube de bouillon,Post-Training,130,Mes recettes healthy T1
Mes recettes healthy T1,vermicelles de riz au poulet et aux noix de cajou,oignon rouge,Post-Training,130,Mes recettes healthy T1
Mes recettes healthy T1,vermicelles de riz au poulet et aux noix de cajou,huile d'olive,Post-Training,130,Mes recettes healthy T1
Mes recettes healthy T1,vermicelles de riz au poulet et aux noix de cajou,filet de poulet,Post-Training,130,Mes recettes healthy T1
Mes recettes healthy T1,vermicelles de riz au poulet et aux noix de cajou,farine d'amandes,Post-Training,130,Mes recettes healthy T1
Mes recettes healthy T1,vermicelles de riz au poulet et aux noix de cajou,petits pois surgelés,Post-Training,130,Mes recettes healthy T1
Mes recettes healthy T1,vermicelles de riz au poulet et aux noix de cajou,vermicelles de riz,Post-Training,130,Mes recettes healthy T1
Mes recettes healthy T1,vermicelles de riz au poulet et aux noix de cajou,sauce soja,Post-Training,130,Mes recettes healthy T1
Mes recettes healthy T1,vermicelles de riz au poulet et aux noix de cajou,sauce nuoc-mâm,Post-Training,130,Mes recettes healthy T1
Mes recettes healthy T1,vermicelles de riz au poulet et aux noix de cajou,piment en poudre,Post-Training,130,Mes recettes healthy T1
Mes recettes healthy T1,vermicelles de riz au poulet et aux noix de cajou,curcuma en poudre,Post-Training,130,Mes recettes healthy T1
Mes recettes healthy T1,vermicelles de riz au poulet et aux noix de cajou,noix de cajou,Post-Training,130,Mes recettes healthy T1
Mes recettes healthy T1,vermicelles de riz au poulet et aux noix de cajou,piment rouge,Post-Training,130,Mes recettes healthy T1
Mes recettes healthy T1,vermicelles de riz au poulet et aux noix de cajou,piment vert,Post-Training,130,Mes recettes healthy T1
Mes recettes healthy T1,vermicelles de riz au poulet et aux noix de cajou,sel,Post-Training,130,Mes recettes healthy T1
Mes recettes healthy T1,vermicelles de riz au poulet et aux noix de cajou,poivre,Post-Training,130,Mes recettes healthy T1
Mes recettes healthy T1,"cabillaurd, petits légumes et sauce curry légère",carottes,Post-Training,132,Mes recettes healthy T1
Mes recettes healthy T1,"cabillaurd, petits légumes et sauce curry légère",poireaux,Post-Training,132,Mes recettes healthy T1
Mes recettes healthy T1,"cabillaurd, petits légumes et sauce curry légère",filet de cabillaud,Post-Training,132,Mes recettes healthy T1
Mes recettes healthy T1,"cabillaurd, petits légumes et sauce curry légère",huile d'olive,Post-Training,132,Mes recettes healthy T1
Mes recettes healthy T1,"cabillaurd, petits légumes et sauce curry légère",jus de citron,Post-Training,132,Mes recettes healthy T1
Mes recettes healthy T1,"cabillaurd, petits légumes et sauce curry légère",préparation crémeuse de soja,Post-Training,132,Mes recettes healthy T1
Mes recettes healthy T1,"cabillaurd, petits légumes et sauce curry légère",moutarde,Post-Training,132,Mes recettes healthy T1
Mes recettes healthy T1,"cabillaurd, petits légumes et sauce curry légère",curry en poudre,Post-Training,132,Mes recettes healthy T1
Mes recettes healthy T1,"cabillaurd, petits légumes et sauce curry légère",sel,Post-Training,132,Mes recettes healthy T1
Mes recettes healthy T1,"cabillaurd, petits légumes et sauce curry légère",poivre,Post-Training,132,Mes recettes healthy T1
Mes recettes healthy T1,"cabillaurd, petits légumes et sauce curry légère",riz basmati,Post-Training,132,Mes recettes healthy T1
Mes recettes healthy T1,"cabillaurd, petits légumes et sauce curry légère",piment doux en poudre,Post-Training,132,Mes recettes healthy T1
Mes recettes healthy T1,"cabillaurd, petits légumes et sauce curry légère",herbes de provence,Post-Training,132,Mes recettes healthy T1
Mes recettes healthy T1,"cabillaurd, petits légumes et sauce curry légère",persil,Post-Training,132,Mes recettes healthy T1
Mes recettes healthy T1,dos de loup en papillote,oignon,Post-Training,133,Mes recettes healthy T1
Mes recettes healthy T1,dos de loup en papillote,blanc de poireau,Post-Training,133,Mes recettes healthy T1
Mes recettes healthy T1,dos de loup en papillote,carotte,Post-Training,133,Mes recettes healthy T1
Mes recettes healthy T1,dos de loup en papillote,navet,Post-Training,133,Mes recettes healthy T1
Mes recettes healthy T1,dos de loup en papillote,huile d'olive,Post-Training,133,Mes recettes healthy T1
Mes recettes healthy T1,dos de loup en papillote,huile de coco,Post-Training,133,Mes recettes healthy T1
Mes recettes healthy T1,dos de loup en papillote,curry en poudre,Post-Training,133,Mes recettes healthy T1
Mes recettes healthy T1,dos de loup en papillote,paprika en poudre,Post-Training,133,Mes recettes healthy T1
Mes recettes healthy T1,dos de loup en papillote,sauce soja,Post-Training,133,Mes recettes healthy T1
Mes recettes healthy T1,dos de loup en papillote,jus de citron,Post-Training,133,Mes recettes healthy T1
Mes recettes healthy T1,dos de loup en papillote,dos de loup,Post-Training,133,Mes recettes healthy T1
Mes recettes healthy T1,dos de loup en papillote,coriandre séchée,Post-Training,133,Mes recettes healthy T1
Mes recettes healthy T1,dos de loup en papillote,ail en poudre,Post-Training,133,Mes recettes healthy T1
Mes recettes healthy T1,dos de loup en papillote,citron,Post-Training,133,Mes recettes healthy T1
Mes recettes healthy T1,dos de loup en papillote,sel,Post-Training,133,Mes recettes healthy T1
Mes recettes healthy T1,dos de loup en papillote,poivre,Post-Training,133,Mes recettes healthy T1
Mes recettes healthy T1,buffalo burger et frites de patates douces croustillantes,viande hâchée,Post-Training,134,Mes recettes healthy T1
Mes recettes healthy T1,buffalo burger et frites de patates douces croustillantes,pain burger au blé complet,Post-Training,134,Mes recettes healthy T1
Mes recettes healthy T1,buffalo burger et frites de patates douces croustillantes,tomate,Post-Training,134,Mes recettes healthy T1
Mes recettes healthy T1,buffalo burger et frites de patates douces croustillantes,salade,Post-Training,134,Mes recettes healthy T1
Mes recettes healthy T1,buffalo burger et frites de patates douces croustillantes,oignon,Post-Training,134,Mes recettes healthy T1
Mes recettes healthy T1,buffalo burger et frites de patates douces croustillantes,gousse d'ail,Post-Training,134,Mes recettes healthy T1
Mes recettes healthy T1,buffalo burger et frites de patates douces croustillantes,oeuf,Post-Training,134,Mes recettes healthy T1
Mes recettes healthy T1,buffalo burger et frites de patates douces croustillantes,blan d'oeuf,Post-Training,134,Mes recettes healthy T1
Mes recettes healthy T1,buffalo burger et frites de patates douces croustillantes,patate douce,Post-Training,134,Mes recettes healthy T1
Mes recettes healthy T1,buffalo burger et frites de patates douces croustillantes,paprika,Post-Training,134,Mes recettes healthy T1
Mes recettes healthy T1,buffalo burger et frites de patates douces croustillantes,épices barbecue,Post-Training,134,Mes recettes healthy T1
Mes recettes healthy T1,buffalo burger et frites de patates douces croustillantes,vinaigre de vin blanc,Post-Training,134,Mes recettes healthy T1
Mes recettes healthy T1,buffalo burger et frites de patates douces croustillantes,vinaigre balsamique,Post-Training,134,Mes recettes healthy T1
Mes recettes healthy T1,buffalo burger et frites de patates douces croustillantes,moutarde,Post-Training,134,Mes recettes healthy T1
Mes recettes healthy T1,buffalo burger et frites de patates douces croustillantes,huile d'olive,Post-Training,134,Mes recettes healthy T1
Mes recettes healthy T1,buffalo burger et frites de patates douces croustillantes,sel,Post-Training,134,Mes recettes healthy T1
Mes recettes healthy T1,buffalo burger et frites de patates douces croustillantes,poivre,Post-Training,134,Mes recettes healthy T1
Mes recettes healthy T1,meal prep poulet miel moutarde,patate douce,Post-Training,136,Mes recettes healthy T1
Mes recettes healthy T1,meal prep poulet miel moutarde,huile d'olive,Post-Training,136,Mes recettes healthy T1
Mes recettes healthy T1,meal prep poulet miel moutarde,herves de provence,Post-Training,136,Mes recettes healthy T1
Mes recettes healthy T1,meal prep poulet miel moutarde,brocolis,Post-Training,136,Mes recettes healthy T1
Mes recettes healthy T1,meal prep poulet miel moutarde,filet de poulet,Post-Training,136,Mes recettes healthy T1
Mes recettes healthy T1,meal prep poulet miel moutarde,ail en poudre,Post-Training,136,Mes recettes healthy T1
Mes recettes healthy T1,meal prep poulet miel moutarde,vinaigre balsamique,Post-Training,136,Mes recettes healthy T1
Mes recettes healthy T1,meal prep poulet miel moutarde,miel,Post-Training,136,Mes recettes healthy T1
Mes recettes healthy T1,meal prep poulet miel moutarde,moutarde,Post-Training,136,Mes recettes healthy T1
Mes recettes healthy T1,meal prep poulet miel moutarde,sel,Post-Training,136,Mes recettes healthy T1
Mes recettes healthy T1,meal prep poulet miel moutarde,poivre,Post-Training,136,Mes recettes healthy T1
Mes recettes healthy T1,chili con carne facile,oignon,Post-Training,138,Mes recettes healthy T1
Mes recettes healthy T1,chili con carne facile,gousse d'ail,Post-Training,138,Mes recettes healthy T1
Mes recettes healthy T1,chili con carne facile,huile d'olive,Post-Training,138,Mes recettes healthy T1
Mes recettes healthy T1,chili con carne facile,poivron rouge,Post-Training,138,Mes recettes healthy T1
Mes recettes healthy T1,chili con carne facile,viande hâchée,Post-Training,138,Mes recettes healthy T1
Mes recettes healthy T1,chili con carne facile,cumin en poudre,Post-Training,138,Mes recettes healthy T1
Mes recettes healthy T1,chili con carne facile,tomates,Post-Training,138,Mes recettes healthy T1
Mes recettes healthy T1,chili con carne facile,haricots rouges,Post-Training,138,Mes recettes healthy T1
Mes recettes healthy T1,chili con carne facile,tabasco,Post-Training,138,Mes recettes healthy T1
Mes recettes healthy T1,chili con carne facile,riz basmati,Post-Training,138,Mes recettes healthy T1
Mes recettes healthy T1,chili con carne facile,persil,Post-Training,138,Mes recettes healthy T1
Mes recettes healthy T1,chili con carne facile,sel,Post-Training,138,Mes recettes healthy T1
Mes recettes healthy T1,chili con carne facile,poivre,Post-Training,138,Mes recettes healthy T1
Mes recettes healthy T1,wok de chou kale et filet de porc,chou kale,Post-Training,140,Mes recettes healthy T1
Mes recettes healthy T1,wok de chou kale et filet de porc,huile de coco,Post-Training,140,Mes recettes healthy T1
Mes recettes healthy T1,wok de chou kale et filet de porc,filet de porc,Post-Training,140,Mes recettes healthy T1
Mes recettes healthy T1,wok de chou kale et filet de porc,oignon,Post-Training,140,Mes recettes healthy T1
Mes recettes healthy T1,wok de chou kale et filet de porc,miel,Post-Training,140,Mes recettes healthy T1
Mes recettes healthy T1,wok de chou kale et filet de porc,4 épices,Post-Training,140,Mes recettes healthy T1
Mes recettes healthy T1,wok de chou kale et filet de porc,gingembre en poudre,Post-Training,140,Mes recettes healthy T1
Mes recettes healthy T1,wok de chou kale et filet de porc,sauce soja,Post-Training,140,Mes recettes healthy T1
Mes recettes healthy T1,wok de chou kale et filet de porc,poivre,Post-Training,140,Mes recettes healthy T1
Mes recettes healthy T1,wok de chou kale et filet de porc,poivron rouge,Post-Training,140,Mes recettes healthy T1
Mes recettes healthy T1,wok de chou kale et filet de porc,riz basmati,Post-Training,140,Mes recettes healthy T1
Mes recettes healthy T1,wok de chou kale et filet de porc,patate douce,Post-Training,140,Mes recettes healthy T1
Mes recettes healthy T1,poulet rôti familial à la patate douce,poulet fermier,Post-Training,141,Mes recettes healthy T1
Mes recettes healthy T1,poulet rôti familial à la patate douce,estragon,Post-Training,141,Mes recettes healthy T1
Mes recettes healthy T1,poulet rôti familial à la patate douce,persil,Post-Training,141,Mes recettes healthy T1
Mes recettes healthy T1,poulet rôti familial à la patate douce,herbes de provence,Post-Training,141,Mes recettes healthy T1
Mes recettes healthy T1,poulet rôti familial à la patate douce,huile d'olive,Post-Training,141,Mes recettes healthy T1
Mes recettes healthy T1,poulet rôti familial à la patate douce,oignons,Post-Training,141,Mes recettes healthy T1
Mes recettes healthy T1,poulet rôti familial à la patate douce,patate douce,Post-Training,141,Mes recettes healthy T1
Mes recettes healthy T1,poulet rôti familial à la patate douce,champignons de Paris,Post-Training,141,Mes recettes healthy T1
Mes recettes healthy T1,poulet rôti familial à la patate douce,eau citronée,Post-Training,141,Mes recettes healthy T1
Mes recettes healthy T1,poulet rôti familial à la patate douce,sel,Post-Training,141,Mes recettes healthy T1
Mes recettes healthy T1,poulet rôti familial à la patate douce,poivre,Post-Training,141,Mes recettes healthy T1